SKU,Qty Sold,GMV
"2321100","80","873,28 "
"23864100","14","588,12 "
"22685100","15","478,87 "
"23425100","3","45,35 "
"2005571100","1","6,71 "
"58572500","14","117,53 "
"69400800","2","40,32 "
"69209800","1","19,32 "
"86930500","6","100,79 "
"50623100","4","33,58 "
"20194100","7","23,47 "
"2751011100","11","46,13 "
"5971100","2","50,40 "
"69461800","1","16,80 "
"152256100","1","25,20 "
"23539100","1","25,20 "
"3814020500","10","83,95 "
"4466590100","86","721,97 "
"22578100","9","18,83 "
"23971100","1","12,60 "
"20368100","4","13,41 "
"21220100","4","50,39 "
"22515100","4","16,77 "
"22793100","31","156,04 "
"23145100","7","52,88 "
"88810500","7","58,77 "
"17388100","205","1.376,43 "
"23859100","5","62,98 "
"7387500","13","141,91 "
"21210100","8","100,77 "
"2768010100","3","75,61 "
"819111500","4","117,61 "
"35452500","29","243,46 "
"3538042500","95","637,86 "
"22693100","68","1.142,28 "
"23314100","1","15,12 "
"7446200500","7","58,77 "
"21205100","9","113,37 "
"63030100","1","4,19 "
"23922100","1","8,40 "
"24061100","1","12,60 "
"24366100","3","35,27 "
"17219010100","3","10,06 "
"77361500","11","92,35 "
"23750100","6","60,45 "
"54760100","27","158,60 "
"23361100","10","184,79 "
"53065100","2","5,03 "
"50222100","5","75,59 "
"23132100","8","87,33 "
"69356800","6","136,08 "
"21226100","5","41,98 "
"6200030100","1","42,01 "
"1264073500","32","403,09 "
"65505100","3","126,03 "
"8245500","3","37,79 "
"53130100","23","231,74 "
"23246100","8","53,71 "
"23336100","1","10,08 "
"5410010100","3","37,79 "
"1273070500","64","806,18 "
"19212100","3","37,79 "
"4340031100","3","75,61 "
"21227100","22","369,56 "
"69310800","5","96,60 "
"18769100","8","100,77 "
"24266100","1","46,21 "
"19780100","1","6,71 "
"23591100","5","41,98 "
"20265100","1","12,60 "
"21792100","10","50,34 "
"23262100","1","16,80 "
"23413100","7","129,35 "
"21273100","1","12,60 "
"22908100","2","33,60 "
"19122100","2","25,19 "
"23661100","50","419,75 "
"3792742800","3","50,37 "
"22574100","6","30,20 "
"290222100","2","20,15 "
"22318100","2","109,23 "
"87950500","2","50,40 "
"23598100","45","377,78 "
"20417100","2","50,40 "
"69313800","4","120,97 "
"22312100","37","497,17 "
"23512100","1","21,84 "
"17996100","41","550,92 "
"22075100","9","211,69 "
"3792700100","23","57,79 "
"22024100","9","113,37 "
"23797100","1","16,80 "
"5410011100","1","6,71 "
"22461100","7","29,35 "
"69109800","7","164,65 "
"23672100","6","65,50 "
"50621100","4","50,39 "
"24312100","2","13,43 "
"22650100","69","463,29 "
"4214074500","20","100,67 "
"20827100","2","21,83 "
"54797100","2","33,60 "
"20077100","3","75,61 "
"4466030100","1","5,87 "
"23825100","1","16,80 "
"69452800","2","53,76 "
"88311500","4","67,19 "
"23602100","9","136,06 "
"23683100","5","50,38 "
"23360100","2","26,87 "
"69435800","8","201,61 "
"22071100","2","30,24 "
"69354800","1","22,68 "
"20263100","44","554,25 "
"54672100","83","1.045,52 "
"53161100","8","134,39 "
"8611500","1","8,40 "
"53062100","1","21,00 "
"69244800","3","75,61 "
"22145100","5","62,98 "
"82170500","4","43,66 "
"23066100","1","5,03 "
"8443500","1","10,92 "
"4381632100","6","176,42 "
"62083100","1","50,41 "
"23529100","2","33,60 "
"21743100","1","46,21 "
"22850100","4","13,41 "
"23537100","1","25,20 "
"23728100","1","5,87 "
"23207100","1","16,80 "
"23586100","1","5,87 "
"69298800","1","30,24 "
"23182100","1","16,80 "
"82560500","86","721,97 "
"10503111100","5","8,36 "
"22152100","1","15,12 "
"22382100","1","33,61 "
"87011500","12","100,74 "
"69445800","1","26,88 "
"69358800","1","22,68 "
"23687100","1","10,08 "
"22047100","1","7,55 "
"23181100","85","713,58 "
"10101211100","5","20,97 "
"21107100","6","35,24 "
"22615100","2","25,19 "
"22712100","3","75,61 "
"23136100","3","22,66 "
"54788100","24","161,14 "
"22701100","25","377,94 "
"3772020100","16","672,13 "
"88193500","9","151,18 "
"69420800","8","201,61 "
"21430100","21","229,24 "
"3792712800","1","24,36 "
"2318100","46","502,14 "
"3774011100","7","294,06 "
"4381630100","18","453,63 "
"17894100","4","67,19 "
"81330500","13","141,91 "
"56140111500","2","47,04 "
"23757100","1","12,60 "
"3770010100","1","33,61 "
"19226100","10","252,02 "
"23733100","2","8,39 "
"204382800","11","212,51 "
"17452100","1","25,20 "
"69432800","1","27,72 "
"1180992500","10","167,98 "
"19444100","1","6,71 "
"22190100","1","21,00 "
"69438800","1","14,28 "
"21819100","18","75,48 "
"89070500","8","67,16 "
"23258100","2","13,43 "
"50610100","8","268,84 "
"22941100","3","20,14 "
"24165100","6","151,21 "
"22475100","1","25,20 "
"24200100","1","10,08 "
"18513100","1","3,35 "
"20476100","1","8,40 "
"65509100","39","491,27 "
"3792767100","28","352,70 "
"22013100","2","30,24 "
"5871100","3","63,00 "
"23532100","2","50,40 "
"22150100","1","12,60 "
"47040100","1","10,08 "
"23187100","2","42,00 "
"23646100","11","184,78 "
"15100060100","1","2,51 "
"24313100","2","33,60 "
"47049100","1","6,71 "
"22577100","1","2,09 "
"1796190100","6","65,50 "
"64122100","3","25,19 "
"81620500","12","80,57 "
"23875100","2","33,60 "
"69478800","1","33,61 "
"50454100","1","8,40 "
"22713100","8","201,61 "
"22933100","5","50,38 "
"23318100","3","45,35 "
"23699100","10","100,76 "
"22198100","8","40,27 "
"52608500","18","378,00 "
"4716010100","50","293,70 "
"22945100","23","347,70 "
"54725100","9","226,82 "
"53053100","5","41,98 "
"4468120100","6","75,58 "
"53110100","2","6,71 "
"24403100","2","33,60 "
"22458100","2","10,07 "
"64513100","5","29,37 "
"23658100","15","251,97 "
"24392100","6","126,00 "
"54759500","93","1.015,19 "
"19607100","36","150,96 "
"22952100","15","113,32 "
"54030100","6","25,16 "
"5410050500","16","537,68 "
"86670500","10","167,98 "
"15248100","2","15,11 "
"22020100","1","12,60 "
"23197100","1","12,60 "
"24508100","11","184,78 "
"23973100","4","67,19 "
"17920100","4","33,58 "
"7958500","5","29,37 "
"23978100","1","12,60 "
"10610111100","2","5,03 "
"64537100","1","10,08 "
"8611100500","1","5,87 "
"23250100","7","41,12 "
"23743100","40","436,64 "
"20887100","2","33,60 "
"20982100","4","67,19 "
"15701452100","12","60,40 "
"84630500","14","176,35 "
"22142100","6","75,58 "
"23328100","1","42,01 "
"420613500","1","10,92 "
"22962100","1","15,12 "
"3774018100","2","67,21 "
"23802100","1","12,60 "
"3440001100","1","16,80 "
"64025100","8","26,82 "
"23933100","5","41,98 "
"1412760100","1","25,20 "
"19300100","5","20,97 "
"5410051500","5","105,00 "
"23077100","1","46,21 "
"18420100","2","67,21 "
"23528100","1","16,80 "
"54790100","4","6,69 "
"69305800","1","19,32 "
"64018800","414","4.519,22 "
"5659040500","3","25,19 "
"22959100","35","264,41 "
"22985100","126","1.587,17 "
"20383100","15","201,56 "
"22542100","27","408,18 "
"22661100","3","17,62 "
"23558100","1","10,92 "
"24173100","10","109,16 "
"10660111100","5","20,97 "
"3656420100","1","33,61 "
"69448800","2","84,02 "
"84361500","4","67,19 "
"23497100","3","20,14 "
"4922040500","3","12,58 "
"7450020100","3","50,39 "
"88194500","13","218,38 "
"62110100","2","33,60 "
"23144100","8","60,44 "
"17829100","1","33,61 "
"20549100","2","42,00 "
"2521902100","1","4,19 "
"2334100","17","214,14 "
"50261100","48","281,95 "
"19631100","4","50,39 "
"22628100","1","18,48 "
"69414800","1","58,82 "
"23554100","14","211,65 "
"23884100","1","12,60 "
"20277100","1","12,60 "
"2352100","8","40,27 "
"22090100","1","42,01 "
"23323100","2","30,24 "
"3726400100","5","83,99 "
"53890100","2","50,40 "
"23957100","1","12,60 "
"3657570500","12","50,32 "
"87110500","1","8,40 "
"22624100","1","13,44 "
"24135100","1","16,80 "
"24236100","4","73,92 "
"22217100","1","23,52 "
"53066100","1","4,19 "
"24159100","1","23,52 "
"8186500","8","40,27 "
"23155100","2","33,60 "
"24036100","9","136,06 "
"54823100","7","117,59 "
"23277100","1","18,48 "
"54701100","3","37,79 "
"24509100","1","23,52 "
"19616100","1","33,61 "
"22462100","5","54,58 "
"22464100","51","685,29 "
"88201500","156","1.309,62 "
"23163100","1","16,80 "
"8328500","1","42,01 "
"84371500","3","50,39 "
"69300800","1","12,60 "
"22429100","2","30,24 "
"7973500","3","25,19 "
"22500100","32","403,09 "
"54709100","218","2.746,06 "
"5633100","24","302,32 "
"54900100","1","21,00 "
"24016100","5","20,97 "
"24224100","1","7,55 "
"21884100","17","114,14 "
"23882100","3","75,61 "
"21208100","1","2,93 "
"2304100","54","589,46 "
"22473100","2","26,87 "
"52635100","1","21,00 "
"23846100","8","80,60 "
"50634100","1","67,22 "
"22940100","21","88,06 "
"819118500","2","58,81 "
"21569100","2","33,60 "
"24025100","12","403,26 "
"21801100","1","29,40 "
"50250100","10","67,14 "
"19209100","88","1.182,46 "
"86341500","42","352,59 "
"8317500","35","382,06 "
"84012500","4","50,39 "
"22521100","5","83,99 "
"54040100","19","127,57 "
"53032100","1","16,80 "
"24103100","3","15,10 "
"54774100","1","21,00 "
"4991020500","15","125,80 "
"87310500","15","315,00 "
"64521100","14","82,23 "
"23568100","2","92,42 "
"54069100","68","742,29 "
"50725100","3","100,82 "
"7450022100","7","164,65 "
"23114100","1","33,61 "
"87060500","10","83,95 "
"81361500","1","8,39 "
"20642100","1","7,55 "
"21224100","2","11,75 "
"53033100","1","21,00 "
"15438100","5","105,00 "
"7707100500","234","2.554,34 "
"18779100","10","100,76 "
"22992100","7","235,24 "
"22913100","22","110,74 "
"18943100","2","21,83 "
"22702100","31","520,75 "
"54670100","13","163,76 "
"21826100","2","21,83 "
"22501100","52","567,63 "
"64109100","76","254,82 "
"70627500","3","75,61 "
"72083500","4","50,39 "
"20541100","5","126,01 "
"22144100","23","289,72 "
"4090011500","5","25,17 "
"22667100","2","11,75 "
"18773100","13","218,38 "
"24146100","4","87,36 "
"20978100","20","218,32 "
"23668100","1","10,92 "
"20275100","5","62,98 "
"11177100","8","40,27 "
"19606100","21","123,35 "
"65504100","14","352,82 "
"24113100","9","45,30 "
"23921100","7","117,59 "
"86331500","8","67,16 "
"22444100","8","100,77 "
"22802100","38","510,61 "
"22683100","52","873,51 "
"16608100","14","470,47 "
"54690100","3","37,79 "
"69307800","1","30,24 "
"22543100","1","5,87 "
"22714100","2","50,40 "
"50296800","264","4.434,75 "
"20176100","1","5,03 "
"22696100","28","588,00 "
"18796100","1","33,61 "
"22410100","2","67,21 "
"19883100","6","75,58 "
"47044100","6","30,20 "
"82823500","4","50,39 "
"5635100","27","408,18 "
"23193100","1","21,00 "
"65506100","35","2.352,65 "
"102009100","29","243,46 "
"19620100","56","376,00 "
"3510990500","1","8,40 "
"24134100","1","5,87 "
"24179100","1","21,00 "
"87360500","47","1.184,48 "
"17947100","15","163,74 "
"1398993500","1","16,80 "
"23107100","1","16,80 "
"23108100","1","16,80 "
"23934100","9","75,56 "
"4896010500","3","12,58 "
"7730100","18","151,11 "
"22536100","3","45,35 "
"54711100","43","1.083,67 "
"15580100","29","852,70 "
"23667100","18","181,36 "
"23281100","13","240,23 "
"53155100","37","466,07 "
"23685100","9","151,18 "
"85151500","216","1.268,76 "
"84730500","5","62,98 "
"21827100","2","6,71 "
"62151100","3","75,61 "
"18719100","3","37,79 "
"23834100","2","25,19 "
"22790100","2","50,40 "
"23860100","1","16,80 "
"2310100","22","55,28 "
"20045100","3","63,00 "
"22167100","5","54,58 "
"16752100","13","174,68 "
"3572011500","1","16,80 "
"22937100","1","10,08 "
"23214100","1","21,00 "
"20829100","1","10,92 "
"23955100","1","2,93 "
"1160993100","2","33,60 "
"2126200500","44","369,38 "
"23347100","12","80,57 "
"23635100","20","151,09 "
"22912100","41","206,38 "
"20914100","16","67,09 "
"22000100","8","53,71 "
"23979100","18","151,11 "
"2002510100","8","33,55 "
"22602100","7","52,88 "
"8028500","599","3.015,13 "
"4380040500","1","21,00 "
"84920500","16","201,55 "
"54095100","16","134,32 "
"20630100","2","117,63 "
"21225100","27","340,11 "
"22954100","2","33,60 "
"24525100","2","42,00 "
"16637100","20","285,55 "
"19219100","1","25,20 "
"21775100","1","13,44 "
"24286100","2","42,00 "
"8749500","1","4,19 "
"4816010100","1","4,19 "
"23850100","1","21,00 "
"5123004500","4","117,61 "
"88501500","5","126,01 "
"18410100","50","545,80 "
"50564100","1","12,60 "
"18606100","2","73,93 "
"21557100","6","50,37 "
"5931500","24","1.209,88 "
"22280100","5","62,98 "
"83770500","7","29,35 "
"19565100","2","50,40 "
"64126100","10","25,13 "
"24367100","1","13,44 "
"69299800","5","113,40 "
"23891100","9","98,24 "
"21714100","1","8,40 "
"4468310100","2","33,60 "
"24138100","12","151,16 "
"21201100","2","21,83 "
"54124100","1","67,22 "
"24223100","8","67,16 "
"22146100","49","617,23 "
"72081500","1","8,40 "
"23746100","149","3.755,05 "
"19581100","24","100,64 "
"24007100","5","83,99 "
"69371800","1","24,36 "
"21825100","2","21,83 "
"23125100","1","21,00 "
"23887100","2","6,71 "
"87144500","3","25,19 "
"53054100","9","113,37 "
"87949500","14","117,53 "
"43821060100","6","40,29 "
"3440003100","9","113,37 "
"20915100","2","8,39 "
"20956100","1","3,35 "
"4251010500","4","100,81 "
"18415100","7","117,59 "
"69120800","1","25,20 "
"22077100","6","30,20 "
"86870500","1","21,00 "
"7426500","12","151,16 "
"12102100","1","21,00 "
"21222100","1","16,80 "
"24010100","13","54,51 "
"23656100","1","12,60 "
"81630500","3","25,19 "
"23936100","1","3,35 "
"21207100","3","50,39 "
"4031020500","1","12,60 "
"23924100","26","283,82 "
"19621100","2","20,15 "
"4920220100","13","27,20 "
"23960100","4","30,22 "
"23912100","1","8,40 "
"23734100","15","100,71 "
"23952100","5","117,61 "
"18775100","3","42,83 "
"3440032100","4","100,81 "
"24321100","1","10,08 "
"19884100","22","277,13 "
"23980100","2","33,60 "
"18451100","1","29,40 "
"3707505100","10","25,13 "
"19683100","18","22,54 "
"23267100","4","40,30 "
"24172100","6","65,50 "
"24368100","3","63,00 "
"3906010500","450","3.021,44 "
"17213206100","53","133,17 "
"19637100","44","554,25 "
"23821100","9","113,37 "
"69397800","2","38,64 "
"17677100","2","21,83 "
"21113100","2","11,75 "
"86520500","1","5,87 "
"23660100","13","109,14 "
"1942010100","2","8,39 "
"7450023100","1","21,00 "
"23786100","2","10,07 "
"19210100","61","614,61 "
"19293100","5","75,59 "
"7446201500","3","25,19 "
"19290100","10","151,18 "
"23565100","26","546,00 "
"50220100","3","45,35 "
"23595100","3","50,39 "
"21824100","11","120,08 "
"22575100","5","25,17 "
"24400100","1","6,71 "
"21102100","9","26,40 "
"20388100","5","20,13 "
"20474100","3","25,19 "
"21937100","19","23,79 "
"5825500500","1","16,80 "
"22286100","1","33,61 "
"69408800","7","158,76 "
"22942100","1","12,60 "
"24391100","3","126,03 "
"69477800","1","33,61 "
"23966100","3","50,39 "
"21839100","12","151,16 "
"22637100","3","45,35 "
"2521507500","2","50,40 "
"2767010100","1","42,01 "
"3751900100","5","20,97 "
"64522100","70","411,17 "
"20437100","2","16,79 "
"3610010500","3","25,19 "
"50620100","1","23,52 "
"17842100","1","6,71 "
"21534100","16","268,77 "
"23333100","1","13,44 "
"23925100","4","50,39 "
"20861100","4","13,41 "
"3907011500","21","105,71 "
"19269100","1","4,19 "
"3620117100","8","100,77 "
"22898100","1","8,40 "
"23856100","8","188,17 "
"20022100","1","6,71 "
"22517100","11","120,08 "
"23958100","4","33,58 "
"53257100","8","87,33 "
"22162100","13","87,29 "
"2748130100","18","120,86 "
"21988100","1","58,82 "
"8523500","1","8,40 "
"20369100","1","3,35 "
"54088100","1","8,40 "
"69518800","1","26,88 "
"19887100","14","176,35 "
"4380440100","2","10,07 "
"76011500","3","32,75 "
"22321100","1","50,41 "
"21100100","1","2,51 "
"64512100","6","30,20 "
"23645100","5","29,37 "
"54839100","1","21,00 "
"21773100","1","67,22 "
"20340100","27","90,53 "
"87940500","62","364,18 "
"86810500","6","50,37 "
"7301100","4","20,13 "
"22919100","13","98,21 "
"22645100","9","136,06 "
"23562100","11","27,64 "
"2102159100","1","5,03 "
"64127100","3","7,54 "
"23857100","9","98,24 "
"69444800","1","58,82 "
"7969500","8","67,16 "
"17795100","1","15,12 "
"50615100","67","1.125,49 "
"22427100","1","6,71 "
"23580100","1","5,87 "
"289212100","17","185,57 "
"22956100","15","226,76 "
"16066100","19","39,76 "
"65001100","1","6,71 "
"140841500","1","6,71 "
"23962100","7","20,53 "
"20888100","1","16,80 "
"24345100","1","16,80 "
"22958100","7","35,24 "
"69118800","1","19,32 "
"17678100","69","753,20 "
"19610100","5","54,58 "
"86342500","28","235,06 "
"87643500","10","50,34 "
"18937100","4","60,47 "
"25060500","1","12,60 "
"63057100","1","4,19 "
"22503100","2","21,83 "
"50241100","1","15,12 "
"69399800","3","60,48 "
"21109100","73","306,11 "
"2712077500","3","63,00 "
"19208100","25","335,93 "
"2302100","20","251,93 "
"5410120500","14","211,65 "
"63025100","3","63,00 "
"69287800","10","226,81 "
"24166100","2","33,60 "
"20438100","4","50,39 "
"2205010100","3","22,66 "
"22249100","27","226,67 "
"7158222800","1","16,80 "
"3751939500","7","58,77 "
"88091500","1","12,60 "
"23965100","2","16,79 "
"2712929500","1","25,20 "
"79582500","60","503,20 "
"86795500","3","37,79 "
"8293500","4","117,61 "
"64530100","3","151,24 "
"50712100","2","168,05 "
"22832100","34","342,57 "
"23828100","1","50,41 "
"53011100","3","7,54 "
"3620115100","8","100,77 "
"23135100","23","173,76 "
"18575100","1","18,48 "
"69434800","1","16,80 "
"7694500","4","26,86 "
"21901100","2","33,60 "
"4418030100","1","1,67 "
"50482100","1","100,83 "
"2345100","7","76,41 "
"19877100","12","90,66 "
"1025091100","27","181,29 "
"22681100","107","1.617,58 "
"5617020500","6","65,50 "
"86720500","3","25,19 "
"63001100","27","340,11 "
"23593100","5","67,19 "
"22025100","1","21,00 "
"7379500","2","42,00 "
"24075800","367","8.643,97 "
"2712947500","1","25,20 "
"20880100","24","261,98 "
"22051100","21","158,65 "
"22086100","1","33,61 "
"3620116100","2","25,19 "
"23941100","1","8,40 "
"24106100","1","3,35 "
"24341100","1","25,20 "
"82270500","17","357,00 "
"19900100","11","83,10 "
"4065330500","3","15,10 "
"22694100","1","33,61 "
"23923100","10","100,76 "
"22147100","23","289,72 "
"1025012100","5","14,66 "
"3512010500","6","60,45 "
"16636100","33","471,15 "
"21661100","5","75,59 "
"8304500","1","16,80 "
"22922100","1","3,35 "
"2521509500","1","25,20 "
"24344100","3","75,61 "
"17971100","1","33,61 "
"53258100","8","100,77 "
"69255800","1","25,20 "
"15298100","1","4,19 "
"2748140100","6","75,58 "
"5911500","8","403,29 "
"2201010100","5","12,56 "
"21800100","1","7,55 "
"87660500","2","16,79 "
"24017100","17","114,14 "
"22686100","5","147,02 "
"22920100","34","285,43 "
"23784100","5","37,77 "
"4378110100","10","33,53 "
"21935100","32","93,85 "
"87120500","99","2.494,97 "
"19613100","3","50,39 "
"22124100","1","33,61 "
"53245100","29","243,46 "
"54703100","27","340,11 "
"2126300800","1","16,80 "
"62094100","1","33,61 "
"20890100","21","229,24 "
"23201100","3","30,23 "
"50584100","1","21,00 "
"23612100","22","110,74 "
"54025100","1","8,40 "
"17938100","1","8,40 "
"3512011500","3","30,23 "
"24035100","4","60,47 "
"20885100","4","117,61 "
"20208100","1","21,00 "
"3702100","32","537,55 "
"71964500","62","780,99 "
"23855100","13","141,91 "
"69441800","1","42,01 "
"2902100500","1767","14.833,97 "
"76013500","3","32,75 "
"23977100","59","346,56 "
"23760100","1","12,60 "
"24009100","62","937,29 "
"20981100","7","117,59 "
"23091100","4","134,42 "
"23984100","8","100,77 "
"24283100","2","33,60 "
"18931100","12","100,74 "
"2521480100","1","25,20 "
"7199003500","41","275,29 "
"54087100","6","40,29 "
"43821020100","6","226,84 "
"23533100","1","25,20 "
"19888100","29","365,30 "
"23652100","40","403,02 "
"19947100","6","35,24 "
"69330800","1","30,24 "
"24147100","14","305,76 "
"17213205100","10","25,13 "
"21832100","7","35,24 "
"4468060100","115","1.448,61 "
"63058100","5","29,37 "
"17921100","21","264,53 "
"86980500","3","20,14 "
"24239100","2","33,60 "
"23854100","2","47,04 "
"23986100","15","100,71 "
"21388100","3","37,79 "
"8336500","1","16,80 "
"87670500","2","42,00 "
"22409100","12","403,26 "
"76053500","13","163,76 "
"22791100","51","385,28 "
"19297100","1","4,19 "
"53000100","1","5,87 "
"50624100","11","110,83 "
"69460800","5","83,99 "
"21886100","4","26,86 "
"3902020100","35","111,47 "
"23126100","5","54,58 "
"50459100","7","58,77 "
"21572100","9","136,06 "
"23175100","18","90,60 "
"20979100","11","138,56 "
"2340100","4","43,66 "
"3823010500","10","125,97 "
"23968100","2","13,43 "
"1241140500","3","32,75 "
"23355100","51","856,71 "
"23524100","19","287,23 "
"23319100","2","16,79 "
"23571100","2","92,42 "
"23417100","1","18,48 "
"20304100","8","26,82 "
"54730100","5","41,98 "
"23653100","10","58,74 "
"20024100","3","45,35 "
"22242100","2","10,07 "
"22445100","7","88,18 "
"420525500","5","62,98 "
"2521455500","8","201,61 "
"18771100","8","80,60 "
"22540100","12","90,66 "
"22197100","15","75,50 "
"84830500","10","83,95 "
"21279100","1","25,20 "
"22454100","1","10,92 "
"23614100","24","120,81 "
"69289800","2","38,64 "
"16751100","15","125,93 "
"20884100","1","25,20 "
"62090100","7","235,24 "
"23279100","6","60,45 "
"20371100","1","4,19 "
"3792766100","1","6,71 "
"87625500","20","218,32 "
"22866100","1","16,80 "
"24240100","4","67,19 "
"19882100","8","60,44 "
"812822500","12","130,99 "
"85239500","93","1.171,48 "
"85192500","1","16,79 "
"17982100","1","8,40 "
"23847100","10","151,18 "
"69193800","1","19,32 "
"8199100","4","100,81 "
"62081100","1","50,41 "
"14384100","20","83,87 "
"22437100","4","40,30 "
"63005100","11","277,22 "
"24112100","2","10,07 "
"8297500","3","75,61 "
"16633100","8","302,45 "
"18171100","2","30,24 "
"69292800","5","138,61 "
"83710500","9","52,87 "
"7879500","1","37,81 "
"23364100","4","168,03 "
"19977100","4","33,58 "
"23970100","2","11,75 "
"23974100","1","7,55 "
"3760704100","10","25,13 "
"4880022500","14","70,47 "
"23913100","4","100,81 "
"2005570100","2","13,43 "
"87021500","1","10,92 "
"17845100","5","33,57 "
"69291800","2","38,64 "
"24171100","20","302,35 "
"22248100","10","125,97 "
"23700100","4","43,66 "
"24395100","1","33,61 "
"84930500","1","8,40 "
"3512013500","17","171,29 "
"86560500","3","25,19 "
"8258500","11","92,35 "
"18915100","2","50,40 "
"23344100","4","100,81 "
"63033500","4","33,58 "
"140840100","1","4,19 "
"21719100","13","163,76 "
"21848100","3","37,79 "
"23647100","6","35,24 "
"23963100","5","29,37 "
"24218100","1","8,40 "
"69203800","21","370,41 "
"1273145500","1","12,60 "
"19125100","1","12,60 "
"22161100","8","53,71 "
"53210100","8","67,16 "
"23890100","9","98,24 "
"23975100","2","13,43 "
"24030100","1","42,01 "
"20439100","2","18,47 "
"4922011500","3","12,58 "
"24311100","7","70,53 "
"23283100","9","52,87 "
"50511100","3","12,58 "
"24326100","2","33,60 "
"2129110500","57","478,52 "
"22466100","56","752,47 "
"21294100","3","37,79 "
"23526100","5","83,99 "
"19878100","32","241,75 "
"20374100","10","83,95 "
"21654100","27","181,29 "
"23354100","3","45,35 "
"23509100","10","25,13 "
"23697100","1","15,12 "
"23692100","2","21,83 "
"20389100","3","45,35 "
"23651100","13","76,36 "
"23880100","3","75,61 "
"21718100","2","16,79 "
"50583100","2","42,00 "
"2342100","2","16,79 "
"21110100","4","18,45 "
"23869100","1","42,01 "
"81651500","4","33,58 "
"17680100","5","67,19 "
"4469010100","8","53,71 "
"22143100","37","466,07 "
"3780010100","24","100,64 "
"24013100","36","150,96 "
"22692100","19","558,66 "
"22983100","2","67,21 "
"24064100","1","5,03 "
"24466100","3","32,75 "
"22666100","1","12,60 "
"53893100","2","50,40 "
"5668010500","4","43,66 "
"23443100","1","23,52 "
"87040500","2","33,60 "
"18772100","1","15,12 "
"22179100","2","26,87 "
"88192500","198","2.494,13 "
"50295800","120","1.007,40 "
"21272100","3","37,79 "
"24105100","21","70,41 "
"20300100","91","458,06 "
"22825100","2","28,55 "
"23603100","2","13,43 "
"53954100","19","383,03 "
"22688100","29","316,56 "
"23916100","1","8,40 "
"22911100","1","5,03 "
"7881500","19","95,64 "
"54735100","186","4.687,52 "
"15818100","28","117,41 "
"69485800","2","33,60 "
"8035412500","98","410,94 "
"19940100","1","16,80 "
"22971100","7","164,65 "
"3208010100","1","21,00 "
"24290100","2","33,60 "
"80022500","2","16,77 "
"63051100","5","20,97 "
"20030100","1","16,80 "
"20416100","2","42,00 "
"23424100","3","83,17 "
"54767100","4","100,81 "
"23698100","6","151,21 "
"22424100","1","4,03 "
"69256800","4","100,81 "
"24136100","4","67,19 "
"24238100","5","126,01 "
"19216100","1","29,40 "
"24031100","9","226,82 "
"86971500","9","113,37 "
"53051100","7","47,00 "
"23964100","8","100,77 "
"16742100","30","503,95 "
"23569100","1","46,21 "
"23785100","1","10,92 "
"1035073500","28","235,06 "
"4468199500","191","1.603,45 "
"65510100","76","190,96 "
"87634500","2","25,19 "
"50260100","3","15,10 "
"23186100","1","21,00 "
"53008100","21","141,00 "
"900080100","1","84,03 "
"4478010100","1","3,35 "
"22944100","1","25,20 "
"6488030500","9","37,74 "
"87860500","2","16,79 "
"87312500","4","26,86 "
"2344100","9","60,43 "
"8296500","1","42,01 "
"21023100","1","10,92 "
"54073800","1122","22.983,84 "
"87361500","6","100,79 "
"15196100","17","21,29 "
"22268100","3","37,79 "
"795060500","2","50,40 "
"50614100","1","67,22 "
"23601100","20","167,90 "
"20648100","1","16,80 "
"23588100","3","25,19 "
"2727510500","10","109,16 "
"16739100","2","21,83 "
"38334500","3","20,14 "
"23555100","6","151,21 "
"2020040100","23","193,09 "
"20550100","4","33,58 "
"7372200100","1","6,71 "
"22423100","1","6,71 "
"23747100","36","907,26 "
"8223500","1","8,40 "
"54921100","1","84,03 "
"54079100","3","32,75 "
"18288100","2","13,43 "
"21802100","1","16,80 "
"53140100","4","168,03 "
"24139100","1","7,55 "
"20989100","5","25,17 "
"21799100","3","20,14 "
"77701500","1","25,20 "
"54083800","83","2.440,48 "
"65507100","12","403,26 "
"24234100","3","50,39 "
"87080500","2","33,60 "
"2045030500","1","42,01 "
"22285100","1","16,80 "
"23985100","7","117,59 "
"24413100","1","5,03 "
"23730100","1","8,40 "
"22490100","1","12,60 "
"49824500","8","67,16 "
"23624100","2","33,60 "
"23643100","10","58,74 "
"54766100","2","50,40 "
"24327100","2","20,15 "
"22058100","2","16,79 "
"22141100","2","11,75 "
"23889100","3","25,19 "
"19145100","32","403,09 "
"23418100","1","23,52 "
"69392800","4","110,89 "
"23650100","5","83,99 "
"24402100","3","20,14 "
"69321800","1","19,32 "
"12100100","14","470,47 "
"4433013100","2","3,34 "
"3512012500","4","40,30 "
"23592100","9","98,24 "
"807640500","17","285,57 "
"21209100","15","88,11 "
"19218100","8","235,23 "
"16874100","1","15,12 "
"8181100","56","940,70 "
"23134100","5","54,58 "
"403407500","5","105,00 "
"87322500","4","26,86 "
"23511100","1","15,12 "
"3774017500","15","630,13 "
"3792710100","3","10,06 "
"54076100","6","60,45 "
"54789100","1","6,71 "
"5921500","9","378,08 "
"18574100","2","25,19 "
"20264100","3","32,75 "
"3751700100","1","3,35 "
"23930100","22","184,69 "
"22984100","2","33,60 "
"24365100","1","10,08 "
"54116800","4","50,39 "
"20882100","31","338,40 "
"23414100","2","50,40 "
"69272800","2","36,96 "
"22519100","15","88,11 "
"22091100","1","33,61 "
"8183100","13","32,66 "
"23762100","13","130,98 "
"80870500","29","243,46 "
"50616100","38","638,34 "
"23519100","1","46,21 "
"69424800","4","117,61 "
"50935100","1","12,60 "
"23297100","7","76,41 "
"22251100","1","29,40 "
"24022100","5","83,99 "
"24358100","9","151,18 "
"24354100","2","33,60 "
"21748100","1","46,21 "
"22369100","1","12,60 "
"8225100","1","8,40 "
"69449800","1","26,88 "
"85133500","56","234,82 "
"24086800","38","319,01 "
"22823100","3","32,75 "
"22247100","30","176,22 "
"23684100","2","13,43 "
"23671100","6","60,45 "
"5657041500","8","87,33 "
"54115800","20","251,93 "
"311020500","33","277,04 "
"23938100","1","8,40 "
"24233100","4","43,66 "
"69346800","1","19,32 "
"3440033100","2","58,81 "
"63056100","2","8,39 "
"53898100","2","50,40 "
"23926100","5","62,98 "
"105000100","7","88,18 "
"3930100500","2","20,15 "
"84710500","3","17,62 "
"88120500","5","126,01 "
"15103163100","3","7,54 "
"23867100","2","33,60 "
"19782100","14","35,18 "
"18414100","30","327,48 "
"23398100","3","100,82 "
"23868100","1","16,80 "
"54697100","11","73,86 "
"2015010100","1","33,61 "
"87960500","27","340,11 "
"19479100","2","5,87 "
"4476010100","6","20,12 "
"3450116100","5","126,01 "
"22405100","1","33,61 "
"8514500","654","7.139,06 "
"24083800","155","2.994,49 "
"20877100","1","16,80 "
"296302100","2","6,71 "
"591902500","2","25,19 "
"24145100","4","87,36 "
"87931500","10","83,87 "
"21934100","9","30,18 "
"47048100","53","266,78 "
"22558100","6","100,79 "
"20330100","1","5,03 "
"54660100","4","50,39 "
"23330100","2","30,24 "
"42060500","11","138,54 "
"53951100","7","94,06 "
"23663100","10","100,76 "
"525939500","10","167,98 "
"22562100","7","117,59 "
"54720100","13","109,14 "
"23808100","1","10,92 "
"22921100","1","3,35 "
"21212100","57","957,50 "
"5822018500","7","88,18 "
"3774020100","7","235,24 "
"23827100","8","403,29 "
"22218100","2","30,24 "
"3773062100","5","336,09 "
"23615100","20","100,67 "
"22598100","1","7,55 "
"23349100","8","100,77 "
"23838100","8","168,00 "
"54680100","46","579,44 "
"22659100","12","40,23 "
"23817100","1","21,00 "
"24080800","771","9.095,20 "
"23596100","3","65,52 "
"23649100","16","93,98 "
"20892100","3","50,39 "
"23680100","23","231,74 "
"24390100","1","50,41 "
"3620126100","2","33,60 "
"22547100","1","10,08 "
"3774014100","6","504,15 "
"7495500","57","478,52 "
"23350100","13","43,59 "
"23557100","1","25,20 "
"22619100","4","50,39 "
"23999100","3","100,82 "
"54807100","1","33,61 "
"23701100","6","60,45 "
"5657231800","1","21,00 "
"23583100","1","16,80 "
"22641100","3","45,35 "
"23956100","19","111,60 "
"19660100","4","168,03 "
"54780100","1","16,80 "
"23606100","1","6,71 "
"23664100","3","32,75 "
"62079100","4","67,19 "
"3620125100","7","117,59 "
"23641100","1","7,55 "
"24199100","2","42,00 "
"17940100","12","30,15 "
"2102168100","5","83,99 "
"2521512500","1","25,20 "
"15109100","4","60,47 "
"84980500","1","12,60 "
"19975100","5","41,98 "
"23613100","35","176,18 "
"86678100","13","163,76 "
"2712800100","3","37,79 "
"53052100","18","226,74 "
"64120100","42","423,18 "
"23844100","2","50,40 "
"24278100","2","42,00 "
"21717100","8","67,16 "
"5972100","7","58,77 "
"86680500","3","25,19 "
"86800500","419","4.573,80 "
"23545100","194","976,52 "
"50617100","6","151,21 "
"14268100","23","96,45 "
"21836100","7","117,59 "
"15888100","57","718,01 "
"18417100","18","604,89 "
"64523100","4","33,58 "
"20274100","21","229,24 "
"20990100","1","12,60 "
"21845100","1","12,60 "
"19480100","9","98,24 "
"23833100","11","138,56 "
"8004500","141","1.539,16 "
"24079800","815","13.005,77 "
"15199100","16","134,32 "
"4413010100","11","18,40 "
"53071100","1","15,12 "
"23920100","4","33,58 "
"24271100","2","26,87 "
"50210100","17","142,72 "
"65010100","10","109,16 "
"4930302100","3","10,06 "
"23337100","1","13,44 "
"54762100","1","6,71 "
"24109100","10","75,55 "
"12104100","1","58,82 "
"1902020500","54","317,19 "
"50720800","56","4.705,41 "
"21715100","4","50,39 "
"69428800","2","58,81 "
"20898100","3","50,39 "
"24012100","10","151,18 "
"69372800","2","48,72 "
"3450112100","1","33,61 "
"3924020500","74","932,15 "
"22960100","2","33,60 "
"23556100","1","67,22 "
"24396100","17","657,00 "
"20415100","4","67,19 "
"2335100","1","16,80 "
"23931100","10","83,95 "
"88191500","358","4.509,58 "
"53896100","3","75,61 "
"3538049500","2","13,43 "
"20301100","1","2,93 "
"23719100","1","6,71 "
"21991100","4","23,50 "
"22220100","13","174,68 "
"22653100","1","6,71 "
"22687100","15","226,76 "
"23235100","1","5,03 "
"87991500","9","98,24 "
"18770100","58","584,38 "
"7199006500","53","667,17 "
"84013500","5","62,98 "
"23456100","8","20,10 "
"15887100","7","70,53 "
"18416100","3","88,21 "
"22682100","1","16,80 "
"24144100","12","262,08 "
"18913100","5","75,59 "
"19104100","7","76,41 "
"22052100","196","2.963,05 "
"70894500","8","33,55 "
"53142100","4","67,19 "
"24118100","7","70,53 "
"22704100","2","100,82 "
"23676100","20","201,51 "
"20382100","4","53,75 "
"3620127100","1","16,80 "
"19292100","5","75,59 "
"22148100","20","251,93 "
"3833010500","5","20,97 "
"53256100","36","241,71 "
"14261100","1","10,92 "
"24393100","1","10,92 "
"3792740100","6","45,33 "
"54707100","3","20,14 "
"19608100","6","15,08 "
"3714010100","1","6,71 "
"84790500","1","8,40 "
"23608100","4","60,47 "
"84080500","44","739,13 "
"79985500","9","37,74 "
"64511100","3","151,24 "
"22906100","11","55,37 "
"24232100","2","20,15 "
"21643100","8","67,16 "
"19211100","297","2.992,45 "
"713003100","9","756,23 "
"22259100","28","93,88 "
"50392100","6","50,37 "
"23675100","3","30,23 "
"87930500","2","8,39 "
"24197100","3","25,19 "
"54787100","110","1.385,63 "
"69493800","2","38,64 "
"15080100","5","20,97 "
"22796100","2","21,83 "
"24018100","38","574,47 "
"24189100","1","10,08 "
"4065360500","6","50,37 "
"65516800","559","7.511,28 "
"19781100","8","10,02 "
"24148100","3","65,52 "
"21686100","10","67,14 "
"22804100","51","642,43 "
"23690100","5","54,58 "
"10150211100","76","318,69 "
"291215100","3","32,75 "
"22948100","87","1.827,00 "
"4814110100","1","8,40 "
"50619100","8","107,50 "
"19491100","2","16,79 "
"69522800","1","20,16 "
"18569100","4","50,39 "
"22572100","14","58,71 "
"23122100","4","84,00 "
"23563100","34","342,57 "
"88231500","62","1.562,51 "
"81320500","27","113,22 "
"21844100","2","25,19 "
"20487100","1","84,03 "
"23639100","1","16,80 "
"23421100","1","42,01 "
"7519500","14","470,47 "
"24078800","509","8.122,62 "
"23852100","45","1.323,15 "
"23943100","1","8,40 "
"19880100","2","15,11 "
"2003010100","7","23,47 "
"21202100","27","340,11 "
"21424100","42","529,06 "
"22149100","43","541,65 "
"50562100","1","12,60 "
"22695100","42","1.058,47 "
"53892100","1","25,20 "
"23438100","3","126,03 "
"64519100","8","80,60 "
"23546100","1","109,24 "
"24011100","13","87,29 "
"22508100","3","63,00 "
"22282100","1","16,80 "
"23140100","2","15,11 "
"5911050500","11","92,35 "
"24077800","333","5.314,01 "
"17922100","7","64,65 "
"6010100","49","411,36 "
"3907010500","1","4,19 "
"50618100","6","126,00 "
"69326800","1","30,24 "
"2346100","12","130,99 "
"23141100","1","7,55 "
"69373800","2","92,42 "
"23961100","3","20,14 "
"54075100","2","16,79 "
"20025100","77","1.164,06 "
"84315500","1","19,32 "
"22228100","15","188,95 "
"64542100","1","12,60 "
"52601500","24","403,16 "
"23712100","9","98,24 "
"23766100","1","11,76 "
"24388100","2","10,07 "
"62220100","2","50,40 "
"154008100","2","50,40 "
"22504100","1","10,92 "
"17815100","1","12,60 "
"54074100","5","37,77 "
"8168500","6","151,21 "
"2521503100","2","40,32 "
"23564100","53","712,16 "
"24087800","197","4.184,90 "
"50292100","24","201,48 "
"24398100","1","33,61 "
"21578100","20","100,67 "
"22626100","3","32,75 "
"21403100","1","33,61 "
"4329101100","31","129,99 "
"22474100","209","2.808,33 "
"22662100","1","5,87 "
"54800100","8","201,61 "
"69324800","1","16,80 "
"15204100","2","21,83 "
"22418100","2","8,39 "
"23206100","1","6,71 "
"4031017500","105","616,76 "
"22907100","17","128,43 "
"22929100","4","20,13 "
"88511500","50","1.260,09 "
"22512100","53","1.558,38 "
"65517800","154","2.328,11 "
"62211100","1","42,01 "
"23392100","1","15,12 "
"23507100","4","13,41 "
"23607100","2","16,79 "
"19288100","4","60,47 "
"24004100","1","12,60 "
"88251500","25","209,88 "
"21721100","2","16,79 "
"22140100","2","11,75 "
"3792794500","2","25,18 "
"64116100","10","125,97 "
"18751100","10","83,95 "
"20023100","2","30,24 "
"17943100","22","240,15 "
"22074100","6","141,13 "
"22654100","11","184,78 "
"2710080500","42","352,59 "
"4015015500","29","316,56 "
"84651500","18","196,49 "
"24066100","5","210,04 "
"23282100","38","223,21 "
"20352100","1","67,22 "
"23744100","17","142,72 "
"69418800","3","113,42 "
"43821010100","2","67,21 "
"22246100","17","49,86 "
"22946100","3","63,00 "
"62037100","1","25,20 "
"23836100","2","42,00 "
"54070100","2","20,15 "
"69362800","2","40,32 "
"81760500","2","16,79 "
"81640500","15","251,97 "
"17796100","2","33,60 "
"82180500","1","16,80 "
"22426100","2","8,39 "
"50612100","3","151,24 "
"24274100","3","63,00 "
"63020100","1","4,19 "
"23723100","19","239,34 "
"87881500","2","20,15 "
"20337100","3","8,80 "
"6200070100","3","201,66 "
"713001500","2","168,05 "
"23773100","1","23,52 "
"50932100","1","5,87 "
"22050100","12","70,49 "
"19632100","3","25,19 "
"23895100","1","25,20 "
"24305100","2","8,39 "
"24111100","2","10,07 "
"21251100","6","75,58 "
"3704500","15","378,03 "
"87850500","162","2.721,32 "
"16825100","21","211,59 "
"81912500","9","75,56 "
"22703100","1","33,61 "
"3707506100","1","5,03 "
"23737100","1","50,41 "
"19213100","84","1.058,11 "
"64030100","14","141,06 "
"22679100","23","193,09 "
"23908100","7","176,41 "
"15195100","79","165,30 "
"16757100","1","5,87 "
"21883100","42","105,53 "
"54093100","3","32,75 "
"21573100","7","35,24 "
"4011010100","9","37,74 "
"4011030500","4","26,86 "
"54072100","1","25,20 "
"22664100","8","80,60 "
"17132100","2","67,21 "
"23075100","1","23,52 "
"4381640100","14","411,65 "
"21849100","13","163,76 "
"20988100","13","65,44 "
"5631100","2","33,60 "
"15895100","1","50,41 "
"536100500","4","33,58 "
"23496100","1","6,71 "
"8444500","1","12,60 "
"63061100","3","20,14 "
"21349100","4","16,77 "
"21105100","6","15,08 "
"23627100","7","117,59 "
"70897500","2","16,79 "
"69370800","6","181,46 "
"18176100","3","37,79 "
"2002030100","5","16,76 "
"54050100","15","163,74 "
"23442100","7","29,35 "
"54112100","1","25,20 "
"63010100","28","940,94 "
"23271100","5","83,99 "
"19289100","3","45,35 "
"22947100","99","1.496,64 "
"53143100","3","75,61 "
"62142100","7","176,41 "
"20198100","11","36,88 "
"23286100","1","58,82 "
"18749100","4","30,22 "
"24089800","629","5.280,46 "
"70891500","8","33,55 "
"54054100","13","109,14 "
"799801500","2","16,79 "
"23343100","2","42,00 "
"19220100","13","327,62 "
"24198100","70","764,12 "
"23205100","27","272,04 "
"69296800","1","30,24 "
"23632100","1","6,71 "
"21905100","408","18.853,72 "
"23863100","29","974,55 "
"23946100","2","25,19 "
"23600100","2","13,43 "
"24085800","38","319,01 "
"20889100","1","29,40 "
"23422100","1","21,00 "
"19270100","2","8,39 "
"22322100","5","126,01 "
"5822019500","4","50,39 "
"22573100","42","211,41 "
"86630500","1","8,40 "
"5874050500","3","17,62 "
"69422800","1","33,61 "
"22421100","1","15,12 "
"82365500","1","8,40 "
"53055100","1","16,80 "
"15940100","8","120,94 "
"8409100","5","67,19 "
"23994100","1","16,80 "
"50630100","5","168,03 "
"22824100","1","23,52 "
"23393100","2","30,24 "
"79173100","1","6,71 "
"50297800","3","32,75 "
"64520100","7","35,24 "
"22243100","1","5,87 "
"22550100","4","40,30 "
"22433100","2","13,43 "
"53953100","6","120,96 "
"1902010500","3","12,58 "
"4214062100","4","20,13 "
"64514100","9","60,43 "
"23348100","1","5,03 "
"23638100","10","75,55 "
"24120100","1","16,80 "
"22135100","2","11,75 "
"50251100","78","589,26 "
"22623100","7","76,41 "
"23689100","15","251,97 "
"81340100","13","273,00 "
"22250100","4","67,19 "
"3751450100","10","25,13 "
"24291100","1","21,00 "
"23969100","3","8,80 "
"566135500","16","134,32 "
"20828100","1","10,92 "
"22178100","2","47,04 "
"22463100","4","53,75 "
"23500100","1","21,00 "
"54097100","12","130,99 "
"69322800","1","22,68 "
"23223100","2","13,43 "
"20681100","5","62,98 "
"23862100","7","294,06 "
"18993100","39","589,59 "
"19685100","53","133,17 "
"69288800","1","24,36 "
"16820100","9","98,24 "
"19886100","5","62,98 "
"21841100","2","25,19 "
"22541100","8","46,99 "
"4364401100","1","16,80 "
"54803100","1","29,40 "
"7158200500","8","67,16 "
"1922021500","1","5,87 "
"2102167100","11","184,78 "
"21720100","3","63,00 "
"22488100","2","25,19 "
"23783100","6","25,16 "
"179204800","2","92,42 "
"5639100","110","1.847,81 "
"87851500","8","134,39 "
"23133100","5","54,58 "
"20413100","1","12,60 "
"6020100","10","67,14 "
"24303100","2","8,39 "
"23582100","3","25,19 "
"6823010500","79","331,27 "
"86450500","1","21,00 "
"22313100","53","712,16 "
"87098500","8","100,77 "
"24060100","3","15,10 "
"69483800","2","75,61 "
"24014100","20","134,29 "
"3809024500","3","32,75 "
"23621100","3","50,39 "
"84341500","8","120,94 "
"19106100","2","16,79 "
"22520100","85","713,58 "
"63015100","17","357,00 "
"69316800","3","68,04 "
"69283800","3","90,73 "
"23200100","1","6,71 "
"24272100","1","42,01 "
"86506500","4","33,58 "
"22460100","9","30,18 "
"65508100","13","546,11 "
"69304800","3","57,96 "
"23849100","3","45,35 "
"3774021100","8","201,61 "
"64121100","10","100,76 "
"23917100","14","152,82 "
"22455100","1","13,44 "
"50933100","6","40,29 "
"24397100","3","115,94 "
"19194100","8","40,27 "
"24439100","1","3,35 "
"19214100","3","63,00 "
"22402100","4","134,42 "
"4031040500","129","1.841,77 "
"35454500","31","260,25 "
"23585100","4","11,73 "
"53897100","4","100,81 "
"81440500","35","440,88 "
"23948100","2","30,24 "
"7820100","10","134,37 "
"23068100","2","10,07 "
"23525100","1","16,80 "
"22314100","1","25,20 "
"2521320100","1","25,20 "
"50483100","3","403,34 "
"23644100","8","80,60 "
"24310100","4","26,86 "
"3440803100","32","537,55 "
"2521499100","26","873,73 "
"80351500","7","117,59 "
"18394100","2","84,02 "
"87690500","6","25,16 "
"73361100","2","50,40 "
"23648100","21","211,59 "
"23691100","3","45,35 "
"22642100","3","32,75 "
"19405100","3","12,08 "
"3657530500","2","8,39 "
"5410232500","93","1.562,24 "
"23703100","6","100,79 "
"15165100","15","251,97 "
"50561100","3","37,79 "
"22057100","4","40,30 "
"22283100","2","47,04 "
"23535100","1","15,12 "
"22284100","5","83,99 "
"21644100","11","166,29 "
"23775100","1","50,41 "
"7196500","1","8,40 "
"23657100","1","7,55 "
"300214100","6","65,50 "
"8754500","31","129,99 "
"17818100","12","352,84 "
"21842100","1","12,60 "
"8757500","1","21,00 "
"22689100","15","251,97 "
"14383100","18","75,48 "
"22465100","2","26,87 "
"22001100","21","317,47 "
"38331500","1","6,71 "
"23381100","3","30,23 "
"23953100","3","70,56 "
"16749100","1","21,00 "
"22133100","9","113,37 "
"22957100","2","67,21 "
"53430100","2","53,76 "
"5970100","233","1.760,22 "
"7050100","48","806,32 "
"21106100","7","23,47 "
"21723100","3","50,39 "
"88040500","5","83,99 "
"23937100","1","10,92 "
"87603500","7","58,77 "
"22432100","4","67,19 "
"3774022100","3","100,82 "
"20985100","12","90,66 "
"23534100","1","25,20 "
"69122800","1","25,20 "
"20980100","15","188,95 "
"21254100","2","25,19 "
"23566100","4","50,39 "
"23416100","7","70,53 "
"20977100","12","130,99 "
"22569100","1","8,40 "
"43821054800","1","21,00 "
"24259100","1","15,12 "
"23633100","11","166,29 "
"87840500","8","134,39 "
"24102100","5","168,03 "
"83760500","6","50,32 "
"17879100","11","120,08 "
"591272500","1","15,11 "
"23536100","5","126,01 "
"22938100","2","8,39 "
"23751100","3","20,14 "
"18936100","7","105,82 "
"20900100","54","589,46 "
"23085100","1","33,61 "
"88022500","1","10,91 "
"24430100","6","30,20 "
"10650111100","8","20,10 "
"24074800","737","12.792,97 "
"18411100","3","50,39 "
"22422100","8","33,55 "
"54813100","6","50,37 "
"23702100","6","65,50 "
"65515100","3","63,00 "
"54067100","12","80,57 "
"18752100","1","5,03 "
"54838100","1","12,60 "
"87102500","1","8,39 "
"22177100","4","50,39 "
"23216100","7","88,18 "
"64020100","7","52,88 "
"23967100","1","7,55 "
"21104100","4","10,05 "
"22151100","1","15,12 "
"86340500","3","25,19 "
"24269100","2","50,40 "
"3901010100","1","5,03 "
"17177100","1","5,87 "
"23611100","47","710,53 "
"24084800","23","193,09 "
"22468100","7","94,06 "
"23255100","1","6,71 "
"54068100","20","151,09 "
"54096100","3","50,39 "
"24081800","846","16.344,13 "
"1323090100","1","5,87 "
"18168100","1","9,24 "
"5410230500","56","611,30 "
"50705100","1","84,03 "
"24122100","2","20,15 "
"62000100","4","84,00 "
"23892100","5","41,98 "
"19652100","1","25,20 "
"22134100","5","10,46 "
"1264643500","31","338,40 "
"3703100","45","566,85 "
"22456100","14","188,12 "
"69453800","1","24,36 "
"21655100","259","3.915,46 "
"2901030500","39","196,31 "
"22107100","4","117,61 "
"20177100","2","10,07 "
"5420300500","28","235,06 "
"23183100","2","33,60 "
"64515100","4","43,66 "
"24304100","1","4,19 "
"24082800","203","3.921,82 "
"1091990100","1","8,40 "
"2126100500","1","8,40 "
"23724100","74","932,15 "
"1201073100","2","33,60 "
"50582100","17","357,00 "
"24090800","709","6.393,23 "
"24076800","515","12.978,88 "
"19979100","2","30,24 "
"50571100","2","33,60 "
"50223100","1","15,12 "
"73872800","1","29,40 "
"22792100","18","226,74 "
"23609100","2","16,79 "
"23789100","2","16,79 "
"54671100","6","75,58 "
"24324100","2","20,15 "
"69357800","1","22,68 "
"20899100","73","919,55 "
"23517100","3","126,03 "
"63011100","15","630,13 "
"18768100","6","100,79 "
"21641100","16","93,98 "
"7585500","419","4.573,80 "
"86932500","22","184,69 "
"2126020500","2","16,79 "
"4340033100","1","29,40 "
"20631100","1","58,82 "
"2235504100","53","667,62 "
"84351500","18","272,12 "
"22926100","1","33,61 "
"16646100","3","126,03 "
"23430100","3","45,35 "
"15197100","4","5,01 "
"64015100","20","134,29 "
"19273100","2","8,05 "
"21653100","4","20,13 "
"18776100","34","342,57 "
"22625100","3","55,44 "
"50622100","37","248,43 "
"81390500","3","25,19 "
"53061100","2","33,60 "
"24516100","3","75,61 "
"24140100","1","16,80 "
"3450121100","1","16,80 "
"22669100","3","20,14 "
"22165100","2","67,21 "
"21722100","22","240,15 "
"23654100","99","1.663,03 "
"18914100","2","58,81 "
"21206100","2","16,79 "
"22660100","6","60,45 "
"69398800","6","115,92 "
"19981100","1","15,12 "
"3201010100","3","70,56 "
"23441100","13","54,51 "
"23640100","3","15,10 "
"24447100","2","10,07 "
"23982100","4","26,86 "
"23804100","3","50,39 "
"24015100","24","362,82 "
"17877100","2","16,79 "
"22342100","52","436,54 "
"16756100","10","58,74 "
"3790120100","21","158,65 "
"24088800","11","120,08 "
"3833041500","1","6,71 "
"5637100","17","214,14 "
"62136100","1","33,61 "
"24408100","2","67,21 "
"19667100","4","100,81 "
"866761500","123","1.549,38 "
"23590100","2","25,19 "
"3440112100","2","50,40 "
"64125100","19","207,40 "
"8755500","4","67,19 "
"17210102100","10","50,34 "
"22072100","16","241,88 "
"54811100","2","13,43 "
"4366190100","6","30,20 "
"17092100","3","70,56 "
"2015012500","7","352,88 "
"8433500","4","50,39 "
"23763100","5","58,78 "
"21758100","1","46,21 "
"24401100","1","10,92 "
"290221100","9","98,24 "
"3010411100","1","12,60 "
"20475100","3","37,79 "
"2307100","7","70,53 "
"64518100","4","26,86 "
"23845100","5","41,98 "
"819113500","4","117,61 "
"23800100","1","21,00 "
"23636100","26","436,76 "
"53010100","12","70,49 "
"88166500","1","8,40 "
"7117001500","10","67,14 "
"86675100","15","188,95 "
"23679100","30","302,27 "
"88241500","5","83,99 "
"21772100","3","176,45 "
"54696100","11","36,88 "
"69320800","1","16,80 "
"20987100","2","21,83 "
"14112100","7","47,00 "
"307532500","1","8,40 "
"2712954500","2","50,40 "
"23735100","3","37,79 "
"900060100","1","75,62 "
"24328100","9","98,24 "
"21575100","2","25,19 "
"21933100","2","10,07 "
"65514100","2","50,40 "
"21936100","4","16,77 "
"22343100","10","83,95 "
"23303100","1","8,40 "
"22648100","4","60,47 "
"15941100","9","136,06 "
"22647100","6","50,37 "
"22596100","8","60,44 "
"3620111100","4","50,39 "
"23130100","1","10,92 "
"22522100","2","25,19 "
"15729100","106","444,49 "
"16705100","3","70,56 "
"23579100","3","8,80 "
"819117500","1","29,40 "
"2341100","56","705,41 "
"2521481100","1","25,20 "
"24100100","3","50,39 "
"23622100","1","5,87 "
